recaudos.id,recaudos.informe_academico,recaudos.carta_motivacion,recaudos.curriculum_vitae,recaudos.comprobante,recaudos.flujograma,recaudos.programas_de_estudio,recaudos.foto,recaudos.carnet,recaudos.cedula,recaudos.actividades_extracurriculares,recaudos.certificado_lengua,recaudos.estudiante
2,recaudos.informe_academico.98214f1825c63691.506c616e2064652054726162616a6f2e706466.pdf,recaudos.carta_motivacion.9df8d72accd473b0.4d617472697a5f496e76657273612e706466.pdf,recaudos.curriculum_vitae.8a9ec4ed2580e761.506c616e2064652054726162616a6f2e706466.pdf,recaudos.comprobante.88e54f756f3ef8d1.506c616e2064652054726162616a6f2e706466.pdf,recaudos.flujograma.a929925d722ca8c3.4d617472697a5f496e76657273612e706466.pdf,recaudos.programas_de_estudio.a2bcf8bfa96011f3.4d617472697a5f496e76657273612e706466.pdf,recaudos.foto.a35e7360a998c849.505333313631204e6f746173202835302070756e746f73292e706e67.png,recaudos.carnet.a31148a6616645e8.506c616e2064652054726162616a6f2e706466.pdf,recaudos.cedula.86478f97f9134724.466f726d756c6163696f6e5f50726f626c656d615f31302e706466.pdf,recaudos.actividades_extracurriculares.85d815cbfa2ccd47.4d617472697a5f496e76657273612e706466.pdf,recaudos.certificado_lengua.a545ca06b5e7c400.506c616e2064652054726162616a6f2e706466.pdf,4
3,recaudos.informe_academico.8a676d8f8b5dad8a.5349475049452d566973696f6e2e706466.pdf,recaudos.carta_motivacion.bfca860e06e10d8f.5349475049452d566973696f6e2e706466.pdf,recaudos.curriculum_vitae.82f768e8df9a0f57.5349475049452d566973696f6e2e706466.pdf,recaudos.comprobante.ab4aaac2eb120fce.5349475049452d506c616e74696c6c6164654361736f7364655072756562612e706466.pdf,recaudos.flujograma.83fc404eaef5559b.5349475049452d506c616e74696c6c6164654361736f7364655072756562612e706466.pdf,recaudos.programas_de_estudio.979272bf0eff1181.5349475049452d566973696f6e2e706466.pdf,recaudos.foto.b7793b065de9ecb5.4469616772616d61206465206361736f732064652075736f2e6a7067.jpg,recaudos.carnet.813f0225b80ae324.5349475049452d4552532e706466.pdf,recaudos.cedula.800135ee4a12283e.534947504945202d2050492e706466.pdf,recaudos.actividades_extracurriculares.b3d4d29215259203.5349475049452d566973696f6e2e706466.pdf,recaudos.certificado_lengua.a099853a5e1c9798.5349475049452d4c522e706466.pdf,6
